{
    "name": "Global Information",
    "numberOfRequests": {
        "total": 1000000,
        "ok": 959520,
        "ko": 40480
    },
    "minResponseTime": {
        "total": 978,
        "ok": 978,
        "ko": 75505
    },
    "maxResponseTime": {
        "total": 236174,
        "ok": 236174,
        "ko": 229878
    },
    "meanResponseTime": {
        "total": 120073,
        "ok": 116355,
        "ko": 208198
    },
    "standardDeviation": {
        "total": 65925,
        "ok": 64457,
        "ko": 28082
    },
    "percentiles1": {
        "total": 121938,
        "ok": 118618,
        "ko": 216747
    },
    "percentiles2": {
        "total": 181010,
        "ok": 175297,
        "ko": 221712
    },
    "percentiles3": {
        "total": 217107,
        "ok": 213147,
        "ko": 228202
    },
    "percentiles4": {
        "total": 225158,
        "ok": 222834,
        "ko": 229840
    },
    "group1": {
    "name": "t < 800 ms",
    "count": 0,
    "percentage": 0
},
    "group2": {
    "name": "800 ms < t < 1200 ms",
    "count": 53,
    "percentage": 0
},
    "group3": {
    "name": "t > 1200 ms",
    "count": 959467,
    "percentage": 96
},
    "group4": {
    "name": "failed",
    "count": 40480,
    "percentage": 4
},
    "meanNumberOfRequestsPerSecond": {
        "total": 2747.252747252747,
        "ok": 2636.043956043956,
        "ko": 111.20879120879121
    }
}