{
    "name": "Global Information",
    "numberOfRequests": {
        "total": 1000000,
        "ok": 964228,
        "ko": 35772
    },
    "minResponseTime": {
        "total": 763,
        "ok": 763,
        "ko": 68606
    },
    "maxResponseTime": {
        "total": 229407,
        "ok": 228728,
        "ko": 229407
    },
    "meanResponseTime": {
        "total": 120049,
        "ok": 116558,
        "ko": 214169
    },
    "standardDeviation": {
        "total": 61740,
        "ok": 60064,
        "ko": 11270
    },
    "percentiles1": {
        "total": 120202,
        "ok": 115757,
        "ko": 215967
    },
    "percentiles2": {
        "total": 173556,
        "ok": 167793,
        "ko": 221570
    },
    "percentiles3": {
        "total": 215571,
        "ok": 210714,
        "ko": 226406
    },
    "percentiles4": {
        "total": 223783,
        "ok": 221663,
        "ko": 229329
    },
    "group1": {
    "name": "t < 800 ms",
    "count": 4,
    "percentage": 0
},
    "group2": {
    "name": "800 ms < t < 1200 ms",
    "count": 68,
    "percentage": 0
},
    "group3": {
    "name": "t > 1200 ms",
    "count": 964156,
    "percentage": 96
},
    "group4": {
    "name": "failed",
    "count": 35772,
    "percentage": 4
},
    "meanNumberOfRequestsPerSecond": {
        "total": 2793.2960893854747,
        "ok": 2693.3743016759777,
        "ko": 99.92178770949721
    }
}