{
    "name": "Global Information",
    "numberOfRequests": {
        "total": 1000000,
        "ok": 963747,
        "ko": 36253
    },
    "minResponseTime": {
        "total": 831,
        "ok": 831,
        "ko": 151736
    },
    "maxResponseTime": {
        "total": 211822,
        "ok": 204861,
        "ko": 211822
    },
    "meanResponseTime": {
        "total": 108723,
        "ok": 106009,
        "ko": 180888
    },
    "standardDeviation": {
        "total": 57458,
        "ok": 56745,
        "ko": 7845
    },
    "percentiles1": {
        "total": 115947,
        "ok": 111210,
        "ko": 181366
    },
    "percentiles2": {
        "total": 160646,
        "ok": 157732,
        "ko": 186938
    },
    "percentiles3": {
        "total": 184956,
        "ok": 183368,
        "ko": 194644
    },
    "percentiles4": {
        "total": 194898,
        "ok": 194477,
        "ko": 197759
    },
    "group1": {
    "name": "t < 800 ms",
    "count": 0,
    "percentage": 0
},
    "group2": {
    "name": "800 ms < t < 1200 ms",
    "count": 49,
    "percentage": 0
},
    "group3": {
    "name": "t > 1200 ms",
    "count": 963698,
    "percentage": 96
},
    "group4": {
    "name": "failed",
    "count": 36253,
    "percentage": 4
},
    "meanNumberOfRequestsPerSecond": {
        "total": 2932.551319648094,
        "ok": 2826.2375366568913,
        "ko": 106.31378299120234
    }
}