{
    "name": "Global Information",
    "numberOfRequests": {
        "total": 1000000,
        "ok": 965869,
        "ko": 34131
    },
    "minResponseTime": {
        "total": 940,
        "ok": 940,
        "ko": 102681
    },
    "maxResponseTime": {
        "total": 198550,
        "ok": 198550,
        "ko": 191766
    },
    "meanResponseTime": {
        "total": 106746,
        "ok": 104455,
        "ko": 171572
    },
    "standardDeviation": {
        "total": 52666,
        "ok": 52062,
        "ko": 14546
    },
    "percentiles1": {
        "total": 117831,
        "ok": 111920,
        "ko": 172302
    },
    "percentiles2": {
        "total": 152059,
        "ok": 149822,
        "ko": 179723
    },
    "percentiles3": {
        "total": 176684,
        "ok": 175210,
        "ko": 187889
    },
    "percentiles4": {
        "total": 186979,
        "ok": 184764,
        "ko": 188452
    },
    "group1": {
    "name": "t < 800 ms",
    "count": 0,
    "percentage": 0
},
    "group2": {
    "name": "800 ms < t < 1200 ms",
    "count": 43,
    "percentage": 0
},
    "group3": {
    "name": "t > 1200 ms",
    "count": 965826,
    "percentage": 97
},
    "group4": {
    "name": "failed",
    "count": 34131,
    "percentage": 3
},
    "meanNumberOfRequestsPerSecond": {
        "total": 2958.579881656805,
        "ok": 2857.6005917159764,
        "ko": 100.97928994082841
    }
}