{
    "name": "Global Information",
    "numberOfRequests": {
        "total": 1000000,
        "ok": 971887,
        "ko": 28113
    },
    "minResponseTime": {
        "total": 363,
        "ok": 363,
        "ko": 179808
    },
    "maxResponseTime": {
        "total": 265673,
        "ok": 222051,
        "ko": 265673
    },
    "meanResponseTime": {
        "total": 113352,
        "ok": 110566,
        "ko": 209690
    },
    "standardDeviation": {
        "total": 59686,
        "ok": 58168,
        "ko": 14045
    },
    "percentiles1": {
        "total": 115560,
        "ok": 112739,
        "ko": 210397
    },
    "percentiles2": {
        "total": 163688,
        "ok": 159414,
        "ko": 216996
    },
    "percentiles3": {
        "total": 204131,
        "ok": 199039,
        "ko": 236763
    },
    "percentiles4": {
        "total": 217119,
        "ok": 212147,
        "ko": 244503
    },
    "group1": {
    "name": "t < 800 ms",
    "count": 55,
    "percentage": 0
},
    "group2": {
    "name": "800 ms < t < 1200 ms",
    "count": 19,
    "percentage": 0
},
    "group3": {
    "name": "t > 1200 ms",
    "count": 971813,
    "percentage": 97
},
    "group4": {
    "name": "failed",
    "count": 28113,
    "percentage": 3
},
    "meanNumberOfRequestsPerSecond": {
        "total": 2949.8525073746314,
        "ok": 2866.9233038348084,
        "ko": 82.929203539823
    }
}